Nom,Lien
--- Sélectionner un coureur ---,
PHILIPSEN Jasper,https://www.procyclingstats.com/rider/jasper-philipsen
GROVES Kaden,https://www.procyclingstats.com/rider/kaden-groves
VAN DER POEL Mathieu,https://www.procyclingstats.com/rider/mathieu-van-der-poel
VERSTRYNGE Emiel,https://www.procyclingstats.com/rider/emiel-verstrynge
RICKAERT Jonas,https://www.procyclingstats.com/rider/jonas-rickaert
TIBERI Antonio,https://www.procyclingstats.com/rider/antonio-tiberi
MARTINEZ Lenny,https://www.procyclingstats.com/rider/lenny-martinez
MOHORIČ Matej,https://www.procyclingstats.com/rider/matej-mohoric
BILBAO Pello,https://www.procyclingstats.com/rider/pello-bilbao
KOOIJ Olav,https://www.procyclingstats.com/rider/olav-kooij
BENOOT Tiesj,https://www.procyclingstats.com/rider/tiesj-benoot
HOOLE Daan,https://www.procyclingstats.com/rider/daan-hoole
BISSEGGER Stefan,https://www.procyclingstats.com/rider/stefan-bissegger
SEIXAS Paul,https://www.procyclingstats.com/rider/paul-seixas
HEALY Ben,https://www.procyclingstats.com/rider/ben-healy
ASGREEN Kasper,https://www.procyclingstats.com/rider/kasper-asgreen
CARAPAZ Richard,https://www.procyclingstats.com/rider/richard-carapaz
BAUDIN Alex,https://www.procyclingstats.com/rider/alex-baudin
GAUDU David,https://www.procyclingstats.com/rider/david-gaudu
MARTIN Guillaume,https://www.procyclingstats.com/rider/guillaume-martin
GANNA Filippo,https://www.procyclingstats.com/rider/filippo-ganna
RODRÍGUEZ Carlos,https://www.procyclingstats.com/rider/carlos-rodriguez-cano
KWIATKOWSKI Michał,https://www.procyclingstats.com/rider/michal-kwiatkowski
VAUQUELIN Kévin,https://www.procyclingstats.com/rider/kevin-vauquelin
GODON Dorian,https://www.procyclingstats.com/rider/dorian-godon
ARENSMAN Thymen,https://www.procyclingstats.com/rider/thymen-arensman
CICCONE Giulio,https://www.procyclingstats.com/rider/giulio-ciccone
AYUSO Juan,https://www.procyclingstats.com/rider/juan-ayuso-pesquera
PEDERSEN Mads,https://www.procyclingstats.com/rider/mads-pedersen
VACEK Mathias,https://www.procyclingstats.com/rider/mathias-vacek
SKJELMOSE Mattias,https://www.procyclingstats.com/rider/mattias-skjelmose-jensen
SIMMONS Quinn,https://www.procyclingstats.com/rider/quinn-simmons
KRAGH ANDERSEN Søren,https://www.procyclingstats.com/rider/soren-kragh-andersen
DE LIE Arnaud,https://www.procyclingstats.com/rider/arnaud-de-lie
VAN EETVELT Lennert,https://www.procyclingstats.com/rider/lennert-van-eetvelt
ZIMMERMANN Georg,https://www.procyclingstats.com/rider/georg-zimmermann
UIJTDEBROEKS Cian,https://www.procyclingstats.com/rider/cian-uijtdebroeks
RUBIO Einer,https://www.procyclingstats.com/rider/einer-rubio
ROMEO Iván,https://www.procyclingstats.com/rider/ivan-romeo
CASTRILLO Pablo,https://www.procyclingstats.com/rider/pablo-castrillo-zapater
ADRIÀ Roger,https://www.procyclingstats.com/rider/roger-adria
GIRMAY Biniam,https://www.procyclingstats.com/rider/biniam-girmay
STEWART Jake,https://www.procyclingstats.com/rider/jake-stewart
EVENEPOEL Remco,https://www.procyclingstats.com/rider/remco-evenepoel
LIPOWITZ Florian,https://www.procyclingstats.com/rider/florian-lipowitz
CATTANEO Mattia,https://www.procyclingstats.com/rider/mattia-cattaneo
VAN GILS Maxim,https://www.procyclingstats.com/rider/maxim-van-gils
DENZ Nico,https://www.procyclingstats.com/rider/nico-denz
VAN DIJKE Mick,https://www.procyclingstats.com/rider/mick-van-dijke
HINDLEY Jai,https://www.procyclingstats.com/rider/jai-hindley
MARTÍNEZ Daniel Felipe,https://www.procyclingstats.com/rider/daniel-felipe-martinez
MEEUS Jordi,https://www.procyclingstats.com/rider/jordi-meeus
MOSCON Gianni,https://www.procyclingstats.com/rider/gianni-moscon
TRATNIK Jan,https://www.procyclingstats.com/rider/jan-tratnik
PARET-PEINTRE Valentin,https://www.procyclingstats.com/rider/valentin-paret-peintre
LANDA Mikel,https://www.procyclingstats.com/rider/mikel-landa
MERLIER Tim,https://www.procyclingstats.com/rider/tim-merlier
STUYVEN Jasper,https://www.procyclingstats.com/rider/jasper-stuyven
VAN WILDER Ilan,https://www.procyclingstats.com/rider/ilan-van-wilder
VERVAEKE Louis,https://www.procyclingstats.com/rider/louis-vervaeke
VAN BAARLE Dylan,https://www.procyclingstats.com/rider/dylan-van-baarle
VAN LERBERGHE Bert,https://www.procyclingstats.com/rider/bert-van-lerberghe
MATTHEWS Michael,https://www.procyclingstats.com/rider/michael-matthews
PLAPP Luke,https://www.procyclingstats.com/rider/luke-plapp
ACKERMANN Pascal,https://www.procyclingstats.com/rider/pascal-ackermann
O'CONNOR Ben,https://www.procyclingstats.com/rider/ben-o-connor
SCHMID Mauro,https://www.procyclingstats.com/rider/mauro-schmid
BITTNER Pavel,https://www.procyclingstats.com/rider/pavel-bittner
BARGUIL Warren,https://www.procyclingstats.com/rider/warren-barguil
VAN DEN BROEK Frank,https://www.procyclingstats.com/rider/frank-van-den-broek
VINGEGAARD Jonas,https://www.procyclingstats.com/rider/jonas-vingegaard
JORGENSON Matteo,https://www.procyclingstats.com/rider/matteo-jorgenson
ARMIRAIL Bruno,https://www.procyclingstats.com/rider/bruno-armirail
CAMPENAERTS Victor,https://www.procyclingstats.com/rider/victor-campenaerts
KUSS Sepp,https://www.procyclingstats.com/rider/sepp-kuss
TULETT Ben,https://www.procyclingstats.com/rider/ben-tulett
AFFINI Edoardo,https://www.procyclingstats.com/rider/edoardo-affini
POGAČAR Tadej,https://www.procyclingstats.com/rider/tadej-pogacar
DEL TORO Isaac,https://www.procyclingstats.com/rider/isaac-del-toro
WELLENS Tim,https://www.procyclingstats.com/rider/tim-wellens
MCNULTY Brandon,https://www.procyclingstats.com/rider/brandon-mcnulty
YATES Adam,https://www.procyclingstats.com/rider/adam-yates
VERMEERSCH Florian,https://www.procyclingstats.com/rider/florian-vermeersch
POLITT Nils,https://www.procyclingstats.com/rider/nils-politt
KRON Andreas,https://www.procyclingstats.com/rider/andreas-kron
CORT Magnus,https://www.procyclingstats.com/rider/magnus-cort-nielsen
JOHANNESSEN Tobias Halland,https://www.procyclingstats.com/rider/tobias-halland-johannessen
TEUNISSEN Mike,https://www.procyclingstats.com/rider/mike-teunissen
HIGUITA Sergio,https://www.procyclingstats.com/rider/sergio-higuita
TEJADA Harold,https://www.procyclingstats.com/rider/harold-tejada
FORTUNATO Lorenzo,https://www.procyclingstats.com/rider/lorenzo-fortunato
KIRSCH Alex,https://www.procyclingstats.com/rider/alex-kirsch
FRETIN Milan,https://www.procyclingstats.com/rider/milan-fretin
BUCHMANN Emanuel,https://www.procyclingstats.com/rider/emanuel-buchmann
PAGE Hugo,https://www.procyclingstats.com/rider/hugo-page
ARANBURU Alex,https://www.procyclingstats.com/rider/alex-aranburu
IZAGIRRE Ion,https://www.procyclingstats.com/rider/ion-izagirre
ALLEGAERT Piet,https://www.procyclingstats.com/rider/piet-allegaert
BIERMANS Jenthe,https://www.procyclingstats.com/rider/jenthe-biermans
THOMAS Benjamin,https://www.procyclingstats.com/rider/benjamin-thomas-2
ALAPHILIPPE Julian,https://www.procyclingstats.com/rider/julian-alaphilippe
KÜNG Stefan,https://www.procyclingstats.com/rider/stefan-kung
STORER Michael,https://www.procyclingstats.com/rider/michael-storer
TRENTIN Matteo,https://www.procyclingstats.com/rider/matteo-trentin
PLUIMERS Rick,https://www.procyclingstats.com/rider/rick-pluimers
JEGAT Jordan,https://www.procyclingstats.com/rider/jordan-jegat
MOLENAAR Alex,https://www.procyclingstats.com/rider/alex-molenaar
PIDCOCK Tom,https://www.procyclingstats.com/rider/tom-pidcock
WRIGHT Fred,https://www.procyclingstats.com/rider/alfred-wright
HERMANS Quinten,https://www.procyclingstats.com/rider/quinten-hermans
Tadej Pogačar,https://www.procyclingstats.com/rider/tadej-pogacar
Wout van Aert,https://www.procyclingstats.com/rider/wout-van-aert
Remco Evenepoel,https://www.procyclingstats.com/rider/remco-evenepoel
Jonas Vingegaard,https://www.procyclingstats.com/rider/jonas-vingegaard
Mathieu van der Poel,https://www.procyclingstats.com/rider/mathieu-van-der-poel
Mads Pedersen,https://www.procyclingstats.com/rider/mads-pedersen
Isaac Del Toro,https://www.procyclingstats.com/rider/isaac-del-toro
Paul Seixas,https://www.procyclingstats.com/rider/paul-seixas
Demi Vollering,https://www.procyclingstats.com/rider/demi-vollering
Lotte Kopecky,https://www.procyclingstats.com/rider/lotte-kopecky
Katarzyna Niewiadoma,https://www.procyclingstats.com/rider/katarzyna-niewiadoma
Pauline Ferrand-Prévot,https://www.procyclingstats.com/rider/pauline-ferrand-prevot
